IND,POP,SUPERPOP,REPEAT_COPIES
NA19731,MXL,AMR,835
HG01348,CLM,AMR,834
HG01396,PUR,AMR,831
HG02105,PEL,AMR,823
NA19729,MXL,AMR,823
NA19735,MXL,AMR,816
HG01303,PUR,AMR,807
HG02147,PEL,AMR,777
NA19794,MXL,AMR,763
HG02286,PEL,AMR,761
HG01571,PEL,AMR,756
HG02262,PEL,AMR,753
HG01935,PEL,AMR,746
NA19681,MXL,AMR,741
HG01927,PEL,AMR,727
NA19782,MXL,AMR,694
NA19792,MXL,AMR,681
NA19741,MXL,AMR,673
HG02301,PEL,AMR,657
NA12413,CEU,EUR,652
NA19655,MXL,AMR,652
NA19795,MXL,AMR,648
HG01277,CLM,AMR,642
HG01171,PUR,AMR,636
NA19717,MXL,AMR,628
HG01094,PUR,AMR,626
NA19759,MXL,AMR,616
NA19783,MXL,AMR,615
NA19658,MXL,AMR,612
HG01148,CLM,AMR,605
NA19669,MXL,AMR,596
NA20299,ASW,AFR,596
NA19780,MXL,AMR,595
HG01465,CLM,AMR,593
NA19663,MXL,AMR,590
NA20339,ASW,AFR,589
NA18625,CHB,EAS,587
HG01455,CLM,AMR,586
HG01351,CLM,AMR,585
HG01431,CLM,AMR,584
NA19732,MXL,AMR,583
NA19776,MXL,AMR,583
HG01550,CLM,AMR,579
HG01974,PEL,AMR,577
HG02272,PEL,AMR,576
HG01052,PUR,AMR,574
NA19661,MXL,AMR,574
HG01250,CLM,AMR,572
HG01272,CLM,AMR,571
HG01926,PEL,AMR,571
HG01356,CLM,AMR,570
HG01938,PEL,AMR,570
HG02260,PEL,AMR,569
NA19788,MXL,AMR,569
NA19654,MXL,AMR,567
HG01190,PUR,AMR,566
NA19728,MXL,AMR,566
HG00734,PUR,AMR,564
HG01341,CLM,AMR,562
NA19684,MXL,AMR,561
NA19664,MXL,AMR,560
HG01102,PUR,AMR,558
NA19725,MXL,AMR,557
NA19758,MXL,AMR,554
HG02870,GWD,AFR,553
HG02184,CDX,EAS,552
NA19755,MXL,AMR,551
NA19756,MXL,AMR,550
HG01921,PEL,AMR,549
NA19716,MXL,AMR,549
HG01047,PUR,AMR,545
HG01113,CLM,AMR,545
HG01551,CLM,AMR,543
HG01572,PEL,AMR,541
HG01069,PUR,AMR,540
HG02391,CDX,EAS,540
NA19648,MXL,AMR,537
NA20851,GIH,SAS,532
HG01107,PUR,AMR,528
NA19789,MXL,AMR,528
HG01932,PEL,AMR,526
HG03875,ITU,SAS,526
NA21142,GIH,SAS,524
HG00113,GBR,EUR,523
HG00553,PUR,AMR,522
HG01968,PEL,AMR,522
HG02252,PEL,AMR,521
HG03789,ITU,SAS,521
HG03888,STU,SAS,521
HG01191,PUR,AMR,516
HG01992,PEL,AMR,515
NA20804,TSI,EUR,514
HG02165,CDX,EAS,512
HG01402,PUR,AMR,511
HG02152,CDX,EAS,511
HG03593,BEB,SAS,510
HG03890,STU,SAS,510
HG01479,CLM,AMR,509
HG03024,GWD,AFR,509
HG03234,PJL,SAS,509
HG02075,KHV,EAS,507
NA19625,ASW,AFR,505
HG01468,CLM,AMR,504
HG02064,KHV,EAS,504
HG01951,PEL,AMR,503
NA18985,JPT,EAS,502
HG01161,PUR,AMR,501
HG01357,CLM,AMR,501
HG02266,PEL,AMR,501
HG04070,ITU,SAS,499
HG02265,PEL,AMR,498
HG01284,CLM,AMR,496
NA21101,GIH,SAS,496
HG02090,PEL,AMR,495
HG02285,PEL,AMR,494
HG01136,CLM,AMR,493
HG01486,CLM,AMR,493
HG01956,ACB,AFR,492
HG03111,ESN,AFR,491
HG00759,CDX,EAS,490
NA18550,CHB,EAS,488
NA20910,GIH,SAS,487
NA19247,YRI,AFR,485
HG02239,IBS,EUR,484
HG02134,KHV,EAS,483
HG00457,CHS,EAS,482
HG00675,CHS,EAS,482
HG03668,PJL,SAS,482
HG03559,MSL,AFR,481
NA20856,GIH,SAS,481
HG02095,ACB,AFR,480
HG01920,PEL,AMR,479
NA19185,YRI,AFR,479
NA19461,LWK,AFR,479
NA20318,ASW,AFR,477
NA20356,ASW,AFR,477
HG00534,CHS,EAS,475
HG01137,CLM,AMR,475
HG00629,CHS,EAS,474
NA19004,JPT,EAS,474
HG03159,ESN,AFR,471
HG03198,ESN,AFR,471
HG03410,MSL,AFR,471
NA19130,YRI,AFR,471
HG01859,KHV,EAS,470
HG02603,PJL,SAS,470
NA19310,LWK,AFR,470
NA12842,CEU,EUR,469
HG01704,IBS,EUR,468
HG02375,CDX,EAS,468
NA21090,GIH,SAS,468
HG02322,ACB,AFR,467
NA20527,TSI,EUR,467
HG00611,CHS,EAS,466
HG02700,PJL,SAS,466
HG02360,CDX,EAS,465
HG03019,PJL,SAS,465
NA18562,CHB,EAS,464
HG01860,KHV,EAS,463
HG00451,CHS,EAS,462
HG01305,PUR,AMR,462
HG02131,KHV,EAS,462
HG02384,CDX,EAS,462
HG02884,GWD,AFR,462
HG03484,MSL,AFR,462
NA20767,TSI,EUR,462
HG02023,KHV,EAS,461
HG04035,STU,SAS,461
NA19740,MXL,AMR,461
NA20902,GIH,SAS,460
HG02178,CDX,EAS,459
HG03756,STU,SAS,459
HG01705,IBS,EUR,458
HG01871,KHV,EAS,458
HG02513,KHV,EAS,458
HG01980,PEL,AMR,457
NA19137,YRI,AFR,457
HG01028,CDX,EAS,456
HG01917,PEL,AMR,455
HG02026,KHV,EAS,455
NA20524,TSI,EUR,455
HG02385,CDX,EAS,454
HG04209,ITU,SAS,453
NA18944,JPT,EAS,453
HG02946,ESN,AFR,452
HG03603,BEB,SAS,451
HG00128,GBR,EUR,450
HG03882,ITU,SAS,450
HG01362,CLM,AMR,449
NA18634,CHB,EAS,449
NA18740,CHB,EAS,449
NA20754,TSI,EUR,449
HG01595,KHV,EAS,448
HG02392,CDX,EAS,448
HG00138,GBR,EUR,447
NA20521,TSI,EUR,447
HG00112,GBR,EUR,446
HG01808,CDX,EAS,446
HG03117,ESN,AFR,446
NA19002,JPT,EAS,446
HG01097,PUR,AMR,445
HG00623,CHS,EAS,444
HG00631,CHS,EAS,444
HG00864,CDX,EAS,444
NA12399,CEU,EUR,444
NA18582,CHB,EAS,444
HG00619,CHS,EAS,441
HG01281,CLM,AMR,441
HG02860,GWD,AFR,441
HG03775,ITU,SAS,441
HG00105,GBR,EUR,440
HG00129,GBR,EUR,440
HG02308,ACB,AFR,440
NA19472,LWK,AFR,440
NA20507,TSI,EUR,440
HG02073,KHV,EAS,439
NA19676,MXL,AMR,439
HG00308,FIN,EUR,438
HG04198,ITU,SAS,438
HG00473,CHS,EAS,437
NA19010,JPT,EAS,437
HG02651,PJL,SAS,436
HG03366,ESN,AFR,436
HG04047,STU,SAS,436
HG00102,GBR,EUR,435
NA11840,CEU,EUR,435
NA20581,TSI,EUR,435
NA20896,GIH,SAS,435
HG00372,FIN,EUR,434
HG03826,BEB,SAS,434
HG01597,KHV,EAS,433
NA18606,CHB,EAS,433
NA18961,JPT,EAS,433
NA19682,MXL,AMR,433
HG00106,GBR,EUR,432
HG02138,KHV,EAS,432
HG00141,GBR,EUR,431
HG01456,CLM,AMR,431
HG02734,PJL,SAS,431
NA20795,TSI,EUR,431
HG01182,PUR,AMR,430
HG02861,GWD,AFR,430
HG00708,CHS,EAS,429
HG01435,CLM,AMR,429
HG04229,STU,SAS,429
NA12275,CEU,EUR,429
NA20827,TSI,EUR,429
HG01631,IBS,EUR,428
HG01870,KHV,EAS,428
NA20589,TSI,EUR,428
HG00267,FIN,EUR,427
HG01489,CLM,AMR,427
HG01892,PEL,AMR,427
HG03990,STU,SAS,427
NA19750,MXL,AMR,427
HG01174,PUR,AMR,426
HG01197,PUR,AMR,426
NA20899,GIH,SAS,426
HG01326,PUR,AMR,425
HG03604,BEB,SAS,425
NA12762,CEU,EUR,425
NA18915,YRI,AFR,425
NA20513,TSI,EUR,425
NA20752,TSI,EUR,425
HG04144,BEB,SAS,424
NA07051,CEU,EUR,424
HG01615,IBS,EUR,423
NA18983,JPT,EAS,423
NA18507,YRI,AFR,422
NA12286,CEU,EUR,421
NA20911,GIH,SAS,421
HG00731,PUR,AMR,420
HG02724,PJL,SAS,420
HG03693,STU,SAS,420
HG04211,ITU,SAS,420
NA20334,ASW,AFR,420
NA20847,GIH,SAS,420
NA20884,GIH,SAS,420
NA20897,GIH,SAS,420
HG00325,FIN,EUR,419
HG01620,IBS,EUR,419
HG03767,PJL,SAS,418
HG03869,ITU,SAS,418
NA19213,YRI,AFR,418
HG01861,KHV,EAS,417
NA12873,CEU,EUR,417
NA18997,JPT,EAS,417
HG01098,PUR,AMR,416
HG01608,IBS,EUR,416
HG02409,CDX,EAS,416
HG02549,ACB,AFR,416
HG02597,PJL,SAS,416
NA11933,CEU,EUR,416
HG00364,FIN,EUR,415
HG01491,CLM,AMR,415
HG03069,MSL,AFR,415
HG03681,STU,SAS,415
NA18522,YRI,AFR,415
NA18541,CHB,EAS,415
NA18999,JPT,EAS,415
HG00638,PUR,AMR,414
HG01073,PUR,AMR,414
NA19107,YRI,AFR,414
HG00126,GBR,EUR,413
HG00177,FIN,EUR,413
HG00704,CHS,EAS,413
HG01323,PUR,AMR,413
NA19467,LWK,AFR,413
NA20885,GIH,SAS,413
NA21099,GIH,SAS,413
HG01673,IBS,EUR,412
HG01954,PEL,AMR,412
HG01134,CLM,AMR,411
HG02971,ESN,AFR,411
HG03631,PJL,SAS,411
HG04029,STU,SAS,411
NA20538,TSI,EUR,411
NA21122,GIH,SAS,411
HG00442,CHS,EAS,410
HG03237,PJL,SAS,410
NA19223,YRI,AFR,410
HG00179,FIN,EUR,409
HG00233,GBR,EUR,409
HG00422,CHS,EAS,409
HG02345,PEL,AMR,409
HG04202,ITU,SAS,409
NA18638,CHB,EAS,409
NA20753,TSI,EUR,409
HG03652,PJL,SAS,408
HG03792,ITU,SAS,408
HG00551,PUR,AMR,407
HG01537,IBS,EUR,407
HG01617,IBS,EUR,407
HG03965,ITU,SAS,407
NA20759,TSI,EUR,407
HG01536,IBS,EUR,406
HG01852,KHV,EAS,406
HG02250,CDX,EAS,406
HG02661,PJL,SAS,406
HG04195,BEB,SAS,406
NA12234,CEU,EUR,406
NA19901,ASW,AFR,406
NA20785,TSI,EUR,406
HG00243,GBR,EUR,405
HG01768,IBS,EUR,405
HG03240,GWD,AFR,405
HG04206,ITU,SAS,405
HG00148,GBR,EUR,404
HG00599,CHS,EAS,404
HG02020,KHV,EAS,404
HG02725,PJL,SAS,404
HG03571,MSL,AFR,404
HG03940,BEB,SAS,404
NA07037,CEU,EUR,404
HG00851,CDX,EAS,403
HG02156,CDX,EAS,403
NA19921,ASW,AFR,403
NA20314,ASW,AFR,403
NA20532,TSI,EUR,403
HG01242,PUR,AMR,402
HG02455,ACB,AFR,402
HG03160,ESN,AFR,402
HG03267,ESN,AFR,402
HG03777,ITU,SAS,402
HG03914,BEB,SAS,402
NA20351,ASW,AFR,402
HG00557,CHS,EAS,401
HG01512,IBS,EUR,401
HG01613,IBS,EUR,401
HG02141,KHV,EAS,401
HG02722,GWD,AFR,401
HG02775,PJL,SAS,401
HG03006,BEB,SAS,401
HG03706,PJL,SAS,401
NA18636,CHB,EAS,401
NA18998,JPT,EAS,401
NA19093,YRI,AFR,401
NA20276,ASW,AFR,401
NA20510,TSI,EUR,401
NA20757,TSI,EUR,401
NA20761,TSI,EUR,401
HG00321,FIN,EUR,400
HG01684,IBS,EUR,400
HG03729,ITU,SAS,400
NA18486,YRI,AFR,400
NA19074,JPT,EAS,400
NA19091,JPT,EAS,400
NA19235,YRI,AFR,400
NA20317,ASW,AFR,400
HG00445,CHS,EAS,399
HG01625,IBS,EUR,399
HG03928,BEB,SAS,399
NA19749,MXL,AMR,399
NA20877,GIH,SAS,399
NA21095,GIH,SAS,399
HG00637,PUR,AMR,398
HG03049,GWD,AFR,398
HG03640,PJL,SAS,398
HG03872,ITU,SAS,398
NA18504,YRI,AFR,398
NA19395,LWK,AFR,398
NA19761,MXL,AMR,398
NA20867,GIH,SAS,398
HG01372,CLM,AMR,397
HG02614,GWD,AFR,397
HG02675,GWD,AFR,397
HG03012,BEB,SAS,397
HG03716,ITU,SAS,397
HG03757,STU,SAS,397
HG03894,STU,SAS,397
HG04146,BEB,SAS,397
NA12144,CEU,EUR,397
NA19378,LWK,AFR,397
NA20803,TSI,EUR,397
HG00119,GBR,EUR,396
HG01384,CLM,AMR,396
HG01697,IBS,EUR,396
HG01853,KHV,EAS,396
HG02367,CDX,EAS,396
HG03645,STU,SAS,396
HG03691,STU,SAS,396
HG04162,BEB,SAS,396
NA11919,CEU,EUR,396
HG00332,FIN,EUR,395
HG00478,CHS,EAS,395
HG03941,BEB,SAS,395
HG03955,STU,SAS,395
NA11918,CEU,EUR,395
NA20535,TSI,EUR,395
NA20774,TSI,EUR,395
HG00280,FIN,EUR,394
HG03016,PJL,SAS,394
NA06985,CEU,EUR,394
NA18995,JPT,EAS,394
HG00173,FIN,EUR,393
HG00421,CHS,EAS,393
HG01168,PUR,AMR,393
HG01443,CLM,AMR,393
HG02179,CDX,EAS,393
HG03202,ESN,AFR,393
HG04141,BEB,SAS,393
NA18646,CHB,EAS,393
NA20536,TSI,EUR,393
HG00117,GBR,EUR,392
HG00341,FIN,EUR,392
HG01247,PUR,AMR,392
HG01366,CLM,AMR,392
HG01982,PEL,AMR,392
HG02600,PJL,SAS,392
HG02793,PJL,SAS,392
HG03235,PJL,SAS,392
HG03476,MSL,AFR,392
HG03619,PJL,SAS,392
HG04099,STU,SAS,392
NA19770,MXL,AMR,392
NA20346,ASW,AFR,392
NA21115,GIH,SAS,392
HG00178,FIN,EUR,391
HG00262,GBR,EUR,391
HG00732,PUR,AMR,391
HG01350,CLM,AMR,391
HG01626,IBS,EUR,391
HG01812,CDX,EAS,391
HG01882,ACB,AFR,391
HG02649,PJL,SAS,391
HG02976,ESN,AFR,391
NA18952,JPT,EAS,391
NA20878,GIH,SAS,391
HG02371,CDX,EAS,390
NA12890,CEU,EUR,390
NA20768,TSI,EUR,390
NA20799,TSI,EUR,390
HG01170,PUR,AMR,389
HG01342,CLM,AMR,389
HG02881,GWD,AFR,389
HG03196,ESN,AFR,389
NA12006,CEU,EUR,389
NA12383,CEU,EUR,389
NA19207,YRI,AFR,389
HG01086,PUR,AMR,388
HG02259,PEL,AMR,388
HG03294,ESN,AFR,388
HG04042,STU,SAS,388
NA12716,CEU,EUR,388
NA18946,JPT,EAS,388
NA19092,YRI,AFR,388
NA20412,ASW,AFR,388
NA20807,TSI,EUR,388
NA20845,GIH,SAS,388
HG01794,CDX,EAS,387
HG01878,KHV,EAS,387
HG02188,CDX,EAS,387
HG03437,MSL,AFR,387
NA18876,YRI,AFR,387
NA19184,YRI,AFR,387
NA21100,GIH,SAS,387
HG00663,CHS,EAS,386
HG01067,PUR,AMR,386
HG01121,CLM,AMR,386
HG01403,PUR,AMR,386
HG01438,CLM,AMR,386
HG04131,BEB,SAS,386
NA19239,YRI,AFR,386
NA19320,LWK,AFR,386
HG00380,FIN,EUR,385
HG00472,CHS,EAS,385
HG00530,CHS,EAS,385
HG01789,GBR,EUR,385
HG02139,KHV,EAS,385
HG03695,STU,SAS,385
NA12347,CEU,EUR,385
NA18948,JPT,EAS,385
NA19114,YRI,AFR,385
NA20875,GIH,SAS,385
NA20905,GIH,SAS,385
HG00309,FIN,EUR,384
HG01064,PUR,AMR,384
HG03259,GWD,AFR,384
HG03458,MSL,AFR,384
HG03908,BEB,SAS,384
HG04239,ITU,SAS,384
NA12843,CEU,EUR,384
NA19031,LWK,AFR,384
NA19312,LWK,AFR,384
NA19446,LWK,AFR,384
HG00650,CHS,EAS,383
HG01334,GBR,EUR,383
HG01519,IBS,EUR,383
HG03099,ESN,AFR,383
HG03745,STU,SAS,383
HG03866,ITU,SAS,383
NA12812,CEU,EUR,383
NA18990,JPT,EAS,383
NA19070,JPT,EAS,383
NA19082,JPT,EAS,383
NA19704,ASW,AFR,383
NA19908,ASW,AFR,383
NA20755,TSI,EUR,383
NA20763,TSI,EUR,383
NA20869,GIH,SAS,383
NA21129,GIH,SAS,383
HG00410,CHS,EAS,382
HG01063,PUR,AMR,382
HG01709,IBS,EUR,382
HG01756,IBS,EUR,382
HG02658,PJL,SAS,382
HG03265,ESN,AFR,382
HG03370,ESN,AFR,382
HG04182,BEB,SAS,382
NA12776,CEU,EUR,382
NA19006,JPT,EAS,382
NA20355,ASW,AFR,382
HG01080,PUR,AMR,381
HG01492,CLM,AMR,381
HG01694,IBS,EUR,381
HG01783,IBS,EUR,381
HG01806,CDX,EAS,381
HG01846,KHV,EAS,381
HG02082,KHV,EAS,381
HG02471,ACB,AFR,381
HG02546,ACB,AFR,381
HG02585,GWD,AFR,381
HG02657,PJL,SAS,381
HG03298,ESN,AFR,381
HG03697,STU,SAS,381
HG03738,STU,SAS,381
HG03760,STU,SAS,381
NA12889,CEU,EUR,381
NA19309,LWK,AFR,381
NA19774,MXL,AMR,381
HG00607,CHS,EAS,380
HG01089,PUR,AMR,380
HG01842,KHV,EAS,380
HG02325,ACB,AFR,380
HG03967,ITU,SAS,380
NA19321,LWK,AFR,380
NA19773,MXL,AMR,380
NA20901,GIH,SAS,380
HG01198,PUR,AMR,379
HG01682,IBS,EUR,379
HG01912,ACB,AFR,379
HG01979,PEL,AMR,379
HG02230,IBS,EUR,379
HG02398,CDX,EAS,379
HG02983,GWD,AFR,379
HG03896,STU,SAS,379
NA11829,CEU,EUR,379
NA20298,ASW,AFR,379
NA20512,TSI,EUR,379
HG00231,GBR,EUR,378
HG00258,GBR,EUR,378
HG00592,CHS,EAS,378
HG00707,CHS,EAS,378
HG01051,PUR,AMR,378
HG01083,PUR,AMR,378
HG01088,PUR,AMR,378
HG01248,PUR,AMR,378
HG01398,PUR,AMR,378
HG01757,IBS,EUR,378
HG02060,KHV,EAS,378
HG04014,ITU,SAS,378
NA12749,CEU,EUR,378
NA19210,YRI,AFR,378
NA19734,MXL,AMR,378
NA20520,TSI,EUR,378
NA20859,GIH,SAS,378
HG01632,IBS,EUR,377
HG02318,ACB,AFR,377
NA18531,CHB,EAS,377
NA18939,JPT,EAS,377
NA18963,JPT,EAS,377
NA19001,JPT,EAS,377
NA19443,LWK,AFR,377
NA20127,ASW,AFR,377
NA20511,TSI,EUR,377
NA21120,GIH,SAS,377
HG00236,GBR,EUR,376
HG01374,CLM,AMR,376
HG01495,CLM,AMR,376
HG01801,CDX,EAS,376
HG01885,ACB,AFR,376
HG02676,GWD,AFR,376
HG03280,ESN,AFR,376
HG03720,ITU,SAS,376
HG03944,STU,SAS,376
HG04094,ITU,SAS,376
NA11830,CEU,EUR,376
NA18618,CHB,EAS,376
NA18949,JPT,EAS,376
NA18971,JPT,EAS,376
NA20862,GIH,SAS,376
HG00282,FIN,EUR,375
HG00610,CHS,EAS,375
HG01776,IBS,EUR,375
HG02351,CDX,EAS,375
HG03313,ESN,AFR,375
HG03754,STU,SAS,375
NA07357,CEU,EUR,375
NA18966,JPT,EAS,375
NA19159,YRI,AFR,375
NA19238,YRI,AFR,375
NA20289,ASW,AFR,375
NA20765,TSI,EUR,375
NA21124,GIH,SAS,375
HG00111,GBR,EUR,374
HG00376,FIN,EUR,374
HG00554,PUR,AMR,374
HG01046,CDX,EAS,374
HG01365,CLM,AMR,374
HG01383,CLM,AMR,374
HG01807,CDX,EAS,374
HG02233,IBS,EUR,374
HG02491,PJL,SAS,374
HG03963,ITU,SAS,374
NA18571,CHB,EAS,374
NA18908,YRI,AFR,374
NA19129,YRI,AFR,374
NA19397,LWK,AFR,374
NA19786,MXL,AMR,374
NA20287,ASW,AFR,374
HG01531,IBS,EUR,373
HG01600,KHV,EAS,373
HG02050,KHV,EAS,373
HG02736,PJL,SAS,373
HG03643,STU,SAS,373
HG03653,PJL,SAS,373
HG03832,BEB,SAS,373
HG03922,BEB,SAS,373
NA18603,CHB,EAS,373
NA18970,JPT,EAS,373
NA18972,JPT,EAS,373
NA19068,JPT,EAS,373
NA19090,JPT,EAS,373
NA20502,TSI,EUR,373
NA20522,TSI,EUR,373
NA20762,TSI,EUR,373
NA21126,GIH,SAS,373
HG00188,FIN,EUR,372
HG00844,CDX,EAS,372
HG01500,IBS,EUR,372
HG01556,CLM,AMR,372
HG02019,KHV,EAS,372
HG02048,KHV,EAS,372
HG02721,GWD,AFR,372
HG02808,GWD,AFR,372
HG03515,ESN,AFR,372
HG03919,BEB,SAS,372
NA18617,CHB,EAS,372
NA18856,YRI,AFR,372
NA18965,JPT,EAS,372
NA19384,LWK,AFR,372
NA20802,TSI,EUR,372
HG00259,GBR,EUR,371
HG01029,CDX,EAS,371
HG01308,PUR,AMR,371
HG01809,CDX,EAS,371
HG01868,KHV,EAS,371
HG03491,PJL,SAS,371
NA12414,CEU,EUR,371
NA12829,CEU,EUR,371
NA18749,CHB,EAS,371
NA18940,JPT,EAS,371
NA19222,YRI,AFR,371
HG00180,FIN,EUR,370
HG00277,FIN,EUR,370
HG00419,CHS,EAS,370
HG00739,PUR,AMR,370
HG01164,PUR,AMR,370
HG01485,CLM,AMR,370
HG01515,IBS,EUR,370
HG02070,KHV,EAS,370
HG02353,CDX,EAS,370
HG02380,CDX,EAS,370
HG03045,GWD,AFR,370
HG03351,ESN,AFR,370
HG03378,MSL,AFR,370
HG03871,ITU,SAS,370
NA12717,CEU,EUR,370
NA19028,LWK,AFR,370
NA19143,YRI,AFR,370
NA19720,MXL,AMR,370
NA20852,GIH,SAS,370
NA21117,GIH,SAS,370
HG00238,GBR,EUR,369
HG01260,CLM,AMR,369
HG01841,KHV,EAS,369
HG02057,KHV,EAS,369
HG02111,ACB,AFR,369
HG03485,MSL,AFR,369
HG03672,STU,SAS,369
HG03680,STU,SAS,369
HG03705,PJL,SAS,369
HG03943,STU,SAS,369
HG04002,ITU,SAS,369
NA12005,CEU,EUR,369
NA18867,YRI,AFR,369
NA19003,JPT,EAS,369
NA19670,MXL,AMR,369
NA20508,TSI,EUR,369
NA20525,TSI,EUR,369
HG00375,FIN,EUR,368
HG00379,FIN,EUR,368
HG00437,CHS,EAS,368
HG01082,PUR,AMR,368
HG01389,CLM,AMR,368
HG01872,KHV,EAS,368
HG02166,CDX,EAS,368
HG03380,MSL,AFR,368
HG03578,MSL,AFR,368
HG03684,STU,SAS,368
HG03774,ITU,SAS,368
HG03786,ITU,SAS,368
HG03815,BEB,SAS,368
HG03874,ITU,SAS,368
NA12273,CEU,EUR,368
NA12874,CEU,EUR,368
NA18525,CHB,EAS,368
NA18543,CHB,EAS,368
NA18974,JPT,EAS,368
NA19087,JPT,EAS,368
NA19095,YRI,AFR,368
NA21141,GIH,SAS,368
HG00160,GBR,EUR,367
HG00171,FIN,EUR,367
HG00266,FIN,EUR,367
HG01702,IBS,EUR,367
HG01810,CDX,EAS,367
HG01989,ACB,AFR,367
HG01991,PEL,AMR,367
HG02223,IBS,EUR,367
HG02792,PJL,SAS,367
HG02952,ESN,AFR,367
NA19455,LWK,AFR,367
NA19466,LWK,AFR,367
NA20805,TSI,EUR,367
HG00320,FIN,EUR,366
HG00613,CHS,EAS,366
HG00867,CDX,EAS,366
HG01518,IBS,EUR,366
HG01850,KHV,EAS,366
HG02013,ACB,AFR,366
HG02049,KHV,EAS,366
HG02051,ACB,AFR,366
HG02133,KHV,EAS,366
HG02275,PEL,AMR,366
HG02364,CDX,EAS,366
HG02541,ACB,AFR,366
HG03061,MSL,AFR,366
HG03072,MSL,AFR,366
HG03212,MSL,AFR,366
HG03649,PJL,SAS,366
HG04080,ITU,SAS,366
NA11920,CEU,EUR,366
NA12155,CEU,EUR,366
NA18613,CHB,EAS,366
NA18923,YRI,AFR,366
NA18979,JPT,EAS,366
NA19248,YRI,AFR,366
NA20863,GIH,SAS,366
NA21091,GIH,SAS,366
HG00100,GBR,EUR,365
HG00382,FIN,EUR,365
HG00978,CDX,EAS,365
HG01241,PUR,AMR,365
HG01353,CLM,AMR,365
HG01504,IBS,EUR,365
HG01672,IBS,EUR,365
HG01708,IBS,EUR,365
HG02190,CDX,EAS,365
HG02425,PEL,AMR,365
HG02470,ACB,AFR,365
HG02554,ACB,AFR,365
HG02772,GWD,AFR,365
HG02807,GWD,AFR,365
NA12813,CEU,EUR,365
NA18981,JPT,EAS,365
NA19649,MXL,AMR,365
NA20870,GIH,SAS,365
HG00275,FIN,EUR,364
HG00608,CHS,EAS,364
HG01767,IBS,EUR,364
HG02017,KHV,EAS,364
HG02648,PJL,SAS,364
HG02655,PJL,SAS,364
HG03342,ESN,AFR,364
HG03472,MSL,AFR,364
HG03771,ITU,SAS,364
HG03949,STU,SAS,364
NA18933,YRI,AFR,364
NA20818,TSI,EUR,364
HG00304,FIN,EUR,363
HG00306,FIN,EUR,363
HG00698,CHS,EAS,363
HG01072,PUR,AMR,363
HG01112,CLM,AMR,363
HG01869,KHV,EAS,363
HG02323,ACB,AFR,363
HG02462,GWD,AFR,363
HG02476,ACB,AFR,363
HG02610,GWD,AFR,363
HG03547,MSL,AFR,363
HG03784,ITU,SAS,363
HG03868,ITU,SAS,363
NA06986,CEU,EUR,363
NA18573,CHB,EAS,363
NA19020,LWK,AFR,363
NA19065,JPT,EAS,363
NA19076,JPT,EAS,363
NA19916,ASW,AFR,363
HG00343,FIN,EUR,362
HG01031,CDX,EAS,362
HG01111,PUR,AMR,362
HG01461,CLM,AMR,362
HG01865,KHV,EAS,362
HG02031,KHV,EAS,362
HG02879,GWD,AFR,362
HG03985,STU,SAS,362
HG04059,ITU,SAS,362
HG04214,ITU,SAS,362
NA11994,CEU,EUR,362
NA12342,CEU,EUR,362
NA12830,CEU,EUR,362
NA18542,CHB,EAS,362
NA18992,JPT,EAS,362
NA19036,LWK,AFR,362
NA19078,JPT,EAS,362
NA20528,TSI,EUR,362
HG00288,FIN,EUR,361
HG00357,FIN,EUR,361
HG02281,ACB,AFR,361
HG02938,ESN,AFR,361
HG03193,ESN,AFR,361
HG03224,MSL,AFR,361
HG03548,MSL,AFR,361
HG03742,ITU,SAS,361
HG04076,ITU,SAS,361
HG04134,BEB,SAS,361
HG04185,BEB,SAS,361
NA18924,YRI,AFR,361
NA19000,JPT,EAS,361
NA19035,LWK,AFR,361
NA19338,LWK,AFR,361
NA19474,LWK,AFR,361
HG00114,GBR,EUR,360
HG00683,CHS,EAS,360
HG01125,CLM,AMR,360
HG01130,CLM,AMR,360
HG01775,IBS,EUR,360
HG02330,ACB,AFR,360
HG02394,CDX,EAS,360
HG02885,GWD,AFR,360
HG03018,PJL,SAS,360
HG03469,MSL,AFR,360
HG03902,BEB,SAS,360
HG04200,ITU,SAS,360
NA12718,CEU,EUR,360
NA18611,CHB,EAS,360
NA18632,CHB,EAS,360
NA18881,YRI,AFR,360
NA18988,JPT,EAS,360
NA19451,LWK,AFR,360
NA19923,ASW,AFR,360
NA20342,ASW,AFR,360
NA20357,ASW,AFR,360
NA21127,GIH,SAS,360
HG00542,CHS,EAS,359
HG00737,PUR,AMR,359
HG01200,PUR,AMR,359
HG01771,IBS,EUR,359
HG02666,GWD,AFR,359
HG03911,BEB,SAS,359
NA18967,JPT,EAS,359
NA19131,YRI,AFR,359
NA19204,YRI,AFR,359
NA19331,LWK,AFR,359
NA20332,ASW,AFR,359
HG01271,CLM,AMR,358
HG01498,CLM,AMR,358
HG02235,IBS,EUR,358
HG02271,PEL,AMR,358
HG02716,GWD,AFR,358
HG03052,MSL,AFR,358
HG03846,STU,SAS,358
HG03925,BEB,SAS,358
HG03991,STU,SAS,358
HG04038,STU,SAS,358
NA11893,CEU,EUR,358
NA12827,CEU,EUR,358
NA18579,CHB,EAS,358
NA19062,JPT,EAS,358
NA19152,YRI,AFR,358
NA19764,MXL,AMR,358
NA20529,TSI,EUR,358
NA20854,GIH,SAS,358
NA20868,GIH,SAS,358
NA20887,GIH,SAS,358
HG00244,GBR,EUR,357
HG01414,PUR,AMR,357
HG01586,PJL,SAS,357
HG01603,IBS,EUR,357
HG02221,IBS,EUR,357
HG02238,IBS,EUR,357
HG02332,ACB,AFR,357
HG02339,ACB,AFR,357
HG02970,ESN,AFR,357
HG02973,ESN,AFR,357
HG03428,MSL,AFR,357
HG03436,MSL,AFR,357
HG03567,MSL,AFR,357
HG03885,STU,SAS,357
HG04140,BEB,SAS,357
NA12004,CEU,EUR,357
NA18626,CHB,EAS,357
NA19079,JPT,EAS,357
NA19198,YRI,AFR,357
NA19428,LWK,AFR,357
NA19779,MXL,AMR,357
NA21118,GIH,SAS,357
HG00269,FIN,EUR,356
HG00311,FIN,EUR,356
HG00690,CHS,EAS,356
HG01375,CLM,AMR,356
HG02406,CDX,EAS,356
HG02407,CDX,EAS,356
HG02660,PJL,SAS,356
HG02953,ESN,AFR,356
HG03343,ESN,AFR,356
HG03499,ESN,AFR,356
HG04227,STU,SAS,356
NA12546,CEU,EUR,356
NA18516,YRI,AFR,356
NA18558,CHB,EAS,356
NA18945,JPT,EAS,356
NA19201,YRI,AFR,356
NA19332,LWK,AFR,356
NA20895,GIH,SAS,356
HG00146,GBR,EUR,355
HG00452,CHS,EAS,355
HG00654,CHS,EAS,355
HG00671,CHS,EAS,355
HG00699,CHS,EAS,355
HG01075,PUR,AMR,355
HG01359,CLM,AMR,355
HG01412,PUR,AMR,355
HG01790,GBR,EUR,355
HG01894,ACB,AFR,355
HG02317,ACB,AFR,355
HG02420,ACB,AFR,355
HG02694,PJL,SAS,355
HG02805,GWD,AFR,355
HG02851,GWD,AFR,355
HG04158,BEB,SAS,355
NA18964,JPT,EAS,355
NA19075,JPT,EAS,355
NA19462,LWK,AFR,355
NA19712,ASW,AFR,355
NA20505,TSI,EUR,355
NA20514,TSI,EUR,355
NA20906,GIH,SAS,355
NA21130,GIH,SAS,355
NA21137,GIH,SAS,355
HG00355,FIN,EUR,354
HG00595,CHS,EAS,354
HG01363,CLM,AMR,354
HG01530,IBS,EUR,354
HG01873,KHV,EAS,354
HG02215,GBR,EUR,354
HG02433,ACB,AFR,354
HG02814,GWD,AFR,354
HG03085,MSL,AFR,354
HG03199,ESN,AFR,354
HG03363,ESN,AFR,354
HG03521,ESN,AFR,354
HG03663,PJL,SAS,354
HG04156,BEB,SAS,354
NA18564,CHB,EAS,354
NA19042,LWK,AFR,354
NA20585,TSI,EUR,354
HG00182,FIN,EUR,353
HG00189,FIN,EUR,353
HG00246,GBR,EUR,353
HG00253,GBR,EUR,353
HG00366,FIN,EUR,353
HG00479,CHS,EAS,353
HG01149,CLM,AMR,353
HG01369,CLM,AMR,353
HG01784,IBS,EUR,353
HG01918,PEL,AMR,353
HG02081,KHV,EAS,353
HG02382,CDX,EAS,353
HG02383,CDX,EAS,353
HG02439,ACB,AFR,353
HG02681,PJL,SAS,353
HG02947,ESN,AFR,353
HG03074,MSL,AFR,353
HG03133,ESN,AFR,353
HG03367,ESN,AFR,353
HG03394,MSL,AFR,353
HG03538,GWD,AFR,353
HG03833,BEB,SAS,353
HG03849,STU,SAS,353
HG03851,STU,SAS,353
HG04025,ITU,SAS,353
HG04090,ITU,SAS,353
NA12282,CEU,EUR,353
NA12878,CEU,EUR,353
NA18629,CHB,EAS,353
NA18978,JPT,EAS,353
NA19379,LWK,AFR,353
NA19448,LWK,AFR,353
NA19449,LWK,AFR,353
NA19652,MXL,AMR,353
HG00593,CHS,EAS,352
HG01187,PUR,AMR,352
HG01503,IBS,EUR,352
HG01676,IBS,EUR,352
HG02084,KHV,EAS,352
HG02642,GWD,AFR,352
HG02679,GWD,AFR,352
HG02687,PJL,SAS,352
HG02799,GWD,AFR,352
HG03105,ESN,AFR,352
HG03279,ESN,AFR,352
HG03291,ESN,AFR,352
HG03696,STU,SAS,352
HG03809,BEB,SAS,352
HG04003,STU,SAS,352
HG04216,ITU,SAS,352
NA12763,CEU,EUR,352
NA18640,CHB,EAS,352
NA18957,JPT,EAS,352
NA19089,JPT,EAS,352
NA21094,GIH,SAS,352
HG00133,GBR,EUR,351
HG00742,PUR,AMR,351
HG01061,PUR,AMR,351
HG01188,PUR,AMR,351
HG01392,PUR,AMR,351
HG01602,IBS,EUR,351
HG02032,KHV,EAS,351
HG02536,ACB,AFR,351
HG02568,GWD,AFR,351
HG02588,GWD,AFR,351
HG03126,ESN,AFR,351
HG03478,MSL,AFR,351
HG03687,STU,SAS,351
HG04189,BEB,SAS,351
NA12249,CEU,EUR,351
NA18555,CHB,EAS,351
NA18973,JPT,EAS,351
NA20359,ASW,AFR,351
NA20832,TSI,EUR,351
HG00150,GBR,EUR,350
HG00556,CHS,EAS,350
HG01507,IBS,EUR,350
HG01970,PEL,AMR,350
HG01986,ACB,AFR,350
HG01990,ACB,AFR,350
HG02047,KHV,EAS,350
HG02219,IBS,EUR,350
HG03057,MSL,AFR,350
HG03066,MSL,AFR,350
NA06984,CEU,EUR,350
NA18544,CHB,EAS,350
NA18934,YRI,AFR,350
NA18956,JPT,EAS,350
NA19316,LWK,AFR,350
NA19452,LWK,AFR,350
NA19746,MXL,AMR,350
NA20515,TSI,EUR,350
NA20540,TSI,EUR,350
NA20778,TSI,EUR,350
HG00245,GBR,EUR,349
HG00278,FIN,EUR,349
HG00458,CHS,EAS,349
HG01509,IBS,EUR,349
HG02052,ACB,AFR,349
HG02390,CDX,EAS,349
HG02465,GWD,AFR,349
HG02489,ACB,AFR,349
HG02652,PJL,SAS,349
HG03081,MSL,AFR,349
HG03168,ESN,AFR,349
HG03736,STU,SAS,349
HG03873,ITU,SAS,349
HG03947,STU,SAS,349
HG04001,ITU,SAS,349
NA11931,CEU,EUR,349
NA18609,CHB,EAS,349
NA18612,CHB,EAS,349
NA18645,CHB,EAS,349
NA18962,JPT,EAS,349
NA19206,YRI,AFR,349
NA19307,LWK,AFR,349
NA19445,LWK,AFR,349
NA19922,ASW,AFR,349
HG00235,GBR,EUR,348
HG01618,IBS,EUR,348
HG01942,PEL,AMR,348
HG02035,KHV,EAS,348
HG02284,ACB,AFR,348
HG02580,ACB,AFR,348
HG02583,GWD,AFR,348
HG02623,GWD,AFR,348
HG03270,ESN,AFR,348
HG03520,ESN,AFR,348
HG04155,BEB,SAS,348
NA07347,CEU,EUR,348
NA18560,CHB,EAS,348
NA19027,LWK,AFR,348
NA19056,JPT,EAS,348
NA19777,MXL,AMR,348
NA20282,ASW,AFR,348
NA20516,TSI,EUR,348
NA20886,GIH,SAS,348
HG00254,GBR,EUR,347
HG00371,FIN,EUR,347
HG01077,PUR,AMR,347
HG01177,PUR,AMR,347
HG01710,IBS,EUR,347
HG01770,IBS,EUR,347
HG01939,PEL,AMR,347
HG01997,PEL,AMR,347
HG02155,CDX,EAS,347
HG02315,ACB,AFR,347
HG02396,CDX,EAS,347
HG02703,GWD,AFR,347
HG02839,GWD,AFR,347
HG03432,MSL,AFR,347
HG03439,MSL,AFR,347
HG03449,MSL,AFR,347
HG03673,STU,SAS,347
HG03917,BEB,SAS,347
NA18532,CHB,EAS,347
NA18994,JPT,EAS,347
NA19011,JPT,EAS,347
NA19679,MXL,AMR,347
NA19752,MXL,AMR,347
NA20348,ASW,AFR,347
NA20533,TSI,EUR,347
NA20544,TSI,EUR,347
NA20801,TSI,EUR,347
NA20814,TSI,EUR,347
NA21088,GIH,SAS,347
HG00118,GBR,EUR,346
HG00261,GBR,EUR,346
HG00404,CHS,EAS,346
HG00500,CHS,EAS,346
HG01048,PUR,AMR,346
HG01173,PUR,AMR,346
HG01761,IBS,EUR,346
HG02003,PEL,AMR,346
HG02137,KHV,EAS,346
HG02557,ACB,AFR,346
HG02759,GWD,AFR,346
HG02786,PJL,SAS,346
HG03511,ESN,AFR,346
HG03708,PJL,SAS,346
NA11932,CEU,EUR,346
NA18536,CHB,EAS,346
NA18539,CHB,EAS,346
NA18878,YRI,AFR,346
NA18960,JPT,EAS,346
NA18976,JPT,EAS,346
NA19374,LWK,AFR,346
NA20891,GIH,SAS,346
HG00158,GBR,EUR,345
HG00176,FIN,EUR,345
HG00250,GBR,EUR,345
HG00559,CHS,EAS,345
HG00634,CHS,EAS,345
HG01286,PUR,AMR,345
HG01464,CLM,AMR,345
HG01521,IBS,EUR,345
HG01599,KHV,EAS,345
HG02116,KHV,EAS,345
HG02274,PEL,AMR,345
HG02309,ACB,AFR,345
HG02485,ACB,AFR,345
HG02496,ACB,AFR,345
HG02501,ACB,AFR,345
HG03039,GWD,AFR,345
HG03241,GWD,AFR,345
HG03452,MSL,AFR,345
HG03746,STU,SAS,345
HG03905,BEB,SAS,345
HG04061,ITU,SAS,345
HG04173,BEB,SAS,345
NA19327,LWK,AFR,345
NA19436,LWK,AFR,345
NA20769,TSI,EUR,345
HG00121,GBR,EUR,344
HG00190,FIN,EUR,344
HG00234,GBR,EUR,344
HG00513,CHS,EAS,344
HG00537,CHS,EAS,344
HG00625,CHS,EAS,344
HG00626,CHS,EAS,344
HG01122,CLM,AMR,344
HG01804,CDX,EAS,344
HG02016,KHV,EAS,344
HG02493,PJL,SAS,344
HG02628,GWD,AFR,344
HG02699,PJL,SAS,344
HG03391,MSL,AFR,344
HG03953,STU,SAS,344
HG04222,ITU,SAS,344
NA12751,CEU,EUR,344
NA18853,YRI,AFR,344
NA18993,JPT,EAS,344
NA19116,YRI,AFR,344
NA19117,YRI,AFR,344
HG00274,FIN,EUR,343
HG00276,FIN,EUR,343
HG00448,CHS,EAS,343
HG00449,CHS,EAS,343
HG00881,CDX,EAS,343
HG01437,CLM,AMR,343
HG01858,KHV,EAS,343
HG01863,KHV,EAS,343
HG02006,PEL,AMR,343
HG02477,ACB,AFR,343
HG03009,BEB,SAS,343
HG03702,PJL,SAS,343
HG03800,BEB,SAS,343
HG03848,STU,SAS,343
NA12341,CEU,EUR,343
NA19257,YRI,AFR,343
NA19429,LWK,AFR,343
NA21143,GIH,SAS,343
HG00257,GBR,EUR,342
HG00271,FIN,EUR,342
HG00596,CHS,EAS,342
HG00628,CHS,EAS,342
HG01142,CLM,AMR,342
HG01259,CLM,AMR,342
HG01311,PUR,AMR,342
HG01795,CDX,EAS,342
HG02629,GWD,AFR,342
HG02943,ESN,AFR,342
HG03091,MSL,AFR,342
HG03372,ESN,AFR,342
HG03464,MSL,AFR,342
HG03830,BEB,SAS,342
HG03976,ITU,SAS,342
HG04183,BEB,SAS,342
NA12775,CEU,EUR,342
NA18526,CHB,EAS,342
NA18574,CHB,EAS,342
NA18596,CHB,EAS,342
NA18877,YRI,AFR,342
NA19121,YRI,AFR,342
NA19380,LWK,AFR,342
NA19394,LWK,AFR,342
NA19703,ASW,AFR,342
NA19909,ASW,AFR,342
NA20321,ASW,AFR,342
HG00318,FIN,EUR,341
HG00657,CHS,EAS,341
HG01765,IBS,EUR,341
HG02012,ACB,AFR,341
HG02121,KHV,EAS,341
HG02292,PEL,AMR,341
HG02356,CDX,EAS,341
HG02643,GWD,AFR,341
HG03077,MSL,AFR,341
HG03096,MSL,AFR,341
HG03108,ESN,AFR,341
HG03132,ESN,AFR,341
HG03455,MSL,AFR,341
HG03514,ESN,AFR,341
HG03694,STU,SAS,341
HG03733,STU,SAS,341
HG03898,STU,SAS,341
HG03913,BEB,SAS,341
NA19346,LWK,AFR,341
NA19456,LWK,AFR,341
NA19713,ASW,AFR,341
NA19819,ASW,AFR,341
NA20756,TSI,EUR,341
NA20787,TSI,EUR,341
NA20849,GIH,SAS,341
HG00123,GBR,EUR,340
HG00174,FIN,EUR,340
HG01140,CLM,AMR,340
HG01440,CLM,AMR,340
HG01447,CLM,AMR,340
HG01524,IBS,EUR,340
HG01669,IBS,EUR,340
HG01866,KHV,EAS,340
HG02255,ACB,AFR,340
HG03685,STU,SAS,340
NA11831,CEU,EUR,340
NA12814,CEU,EUR,340
NA18861,YRI,AFR,340
NA18865,YRI,AFR,340
NA19149,YRI,AFR,340
NA19719,MXL,AMR,340
NA20539,TSI,EUR,340
NA20588,TSI,EUR,340
NA20811,TSI,EUR,340
HG00143,GBR,EUR,339
HG00428,CHS,EAS,339
HG00580,CHS,EAS,339
HG01204,PUR,AMR,339
HG01432,CLM,AMR,339
HG01506,IBS,EUR,339
HG01516,IBS,EUR,339
HG01527,IBS,EUR,339
HG01847,KHV,EAS,339
HG02231,IBS,EUR,339
HG02646,GWD,AFR,339
HG02731,PJL,SAS,339
HG02780,PJL,SAS,339
HG02789,PJL,SAS,339
HG03121,ESN,AFR,339
HG03271,ESN,AFR,339
HG03920,BEB,SAS,339
HG03931,BEB,SAS,339
HG04210,STU,SAS,339
NA07056,CEU,EUR,339
NA18577,CHB,EAS,339
NA18907,YRI,AFR,339
NA18991,JPT,EAS,339
NA19085,JPT,EAS,339
NA19118,YRI,AFR,339
NA19153,YRI,AFR,339
NA20806,TSI,EUR,339
HG00240,GBR,EUR,338
HG01058,PUR,AMR,338
HG01060,PUR,AMR,338
HG01104,PUR,AMR,338
HG02395,CDX,EAS,338
HG02449,ACB,AFR,338
HG02784,PJL,SAS,338
HG02923,ESN,AFR,338
HG03097,MSL,AFR,338
HG03118,ESN,AFR,338
HG03470,MSL,AFR,338
HG03598,BEB,SAS,338
HG03998,STU,SAS,338
HG04098,ITU,SAS,338
HG04161,BEB,SAS,338
HG04188,BEB,SAS,338
NA12750,CEU,EUR,338
NA18757,CHB,EAS,338
NA18912,YRI,AFR,338
NA19171,YRI,AFR,338
NA19385,LWK,AFR,338
NA19393,LWK,AFR,338
NA20815,TSI,EUR,338
HG00103,GBR,EUR,337
HG00403,CHS,EAS,337
HG00641,PUR,AMR,337
HG01183,PUR,AMR,337
HG01413,PUR,AMR,337
HG01607,IBS,EUR,337
HG01679,IBS,EUR,337
HG01857,KHV,EAS,337
HG02061,KHV,EAS,337
HG02107,ACB,AFR,337
HG02283,ACB,AFR,337
HG02343,ACB,AFR,337
HG02508,ACB,AFR,337
HG02512,KHV,EAS,337
HG02654,PJL,SAS,337
HG02790,PJL,SAS,337
HG02878,GWD,AFR,337
HG03120,ESN,AFR,337
HG03376,MSL,AFR,337
HG03823,BEB,SAS,337
HG03971,ITU,SAS,337
HG04235,ITU,SAS,337
NA11892,CEU,EUR,337
NA18545,CHB,EAS,337
NA18873,YRI,AFR,337
NA18941,JPT,EAS,337
NA18942,JPT,EAS,337
NA19088,JPT,EAS,337
NA19323,LWK,AFR,337
NA19726,MXL,AMR,337
NA19771,MXL,AMR,337
NA20882,GIH,SAS,337
HG00324,FIN,EUR,336
HG00337,FIN,EUR,336
HG00620,CHS,EAS,336
HG00701,CHS,EAS,336
HG00740,PUR,AMR,336
HG02076,KHV,EAS,336
HG02419,ACB,AFR,336
HG02464,GWD,AFR,336
HG02819,GWD,AFR,336
HG03642,STU,SAS,336
HG03836,STU,SAS,336
HG03886,STU,SAS,336
HG03897,STU,SAS,336
HG04054,ITU,SAS,336
HG04212,ITU,SAS,336
NA06994,CEU,EUR,336
NA18549,CHB,EAS,336
NA18623,CHB,EAS,336
NA18879,YRI,AFR,336
NA19037,LWK,AFR,336
NA19404,LWK,AFR,336
NA20543,TSI,EUR,336
NA20866,GIH,SAS,336
NA20908,GIH,SAS,336
HG00365,FIN,EUR,335
HG00766,CDX,EAS,335
HG01395,PUR,AMR,335
HG02072,KHV,EAS,335
HG02479,ACB,AFR,335
HG02944,ESN,AFR,335
HG03135,ESN,AFR,335
HG03258,GWD,AFR,335
HG03960,ITU,SAS,335
HG03968,ITU,SAS,335
HG03977,ITU,SAS,335
HG04096,ITU,SAS,335
NA18508,YRI,AFR,335
NA18511,YRI,AFR,335
NA18597,CHB,EAS,335
NA18635,CHB,EAS,335
NA18637,CHB,EAS,335
NA18644,CHB,EAS,335
NA19355,LWK,AFR,335
NA20530,TSI,EUR,335
NA21092,GIH,SAS,335
HG01079,PUR,AMR,334
HG01119,CLM,AMR,334
HG01762,IBS,EUR,334
HG01779,IBS,EUR,334
HG01886,ACB,AFR,334
HG01958,ACB,AFR,334
HG02025,KHV,EAS,334
HG02348,PEL,AMR,334
HG02728,PJL,SAS,334
HG02887,GWD,AFR,334
HG02981,ESN,AFR,334
HG03295,ESN,AFR,334
HG03557,MSL,AFR,334
HG03565,MSL,AFR,334
HG03585,BEB,SAS,334
HG03899,STU,SAS,334
HG03969,ITU,SAS,334
HG04194,BEB,SAS,334
NA19009,JPT,EAS,334
NA19083,JPT,EAS,334
NA19440,LWK,AFR,334
NA19475,LWK,AFR,334
NA19711,ASW,AFR,334
NA19762,MXL,AMR,334
NA19785,MXL,AMR,334
NA19920,ASW,AFR,334
NA20291,ASW,AFR,334
NA20800,TSI,EUR,334
NA21105,GIH,SAS,334
HG00120,GBR,EUR,333
HG01085,PUR,AMR,333
HG01205,PUR,AMR,333
HG01798,CDX,EAS,333
HG01811,CDX,EAS,333
HG02594,GWD,AFR,333
HG03303,ESN,AFR,333
HG03311,ESN,AFR,333
HG03722,ITU,SAS,333
HG03887,STU,SAS,333
HG04026,ITU,SAS,333
NA18534,CHB,EAS,333
NA18871,YRI,AFR,333
NA19099,YRI,AFR,333
NA19119,YRI,AFR,333
NA19701,ASW,AFR,333
NA19835,ASW,AFR,333
NA19982,ASW,AFR,333
NA20760,TSI,EUR,333
NA20858,GIH,SAS,333
HG00122,GBR,EUR,332
HG01066,PUR,AMR,332
HG01522,IBS,EUR,332
HG01668,IBS,EUR,332
HG02067,KHV,EAS,332
HG02122,KHV,EAS,332
HG02337,ACB,AFR,332
HG02401,CDX,EAS,332
HG02502,ACB,AFR,332
HG02562,GWD,AFR,332
HG02611,GWD,AFR,332
HG02840,GWD,AFR,332
HG02852,GWD,AFR,332
HG02895,GWD,AFR,332
HG03082,MSL,AFR,332
HG03247,GWD,AFR,332
HG03297,ESN,AFR,332
HG03397,MSL,AFR,332
HG03457,MSL,AFR,332
HG03714,ITU,SAS,332
HG03824,BEB,SAS,332
NA12748,CEU,EUR,332
NA18501,YRI,AFR,332
NA18552,CHB,EAS,332
NA18563,CHB,EAS,332
NA18566,CHB,EAS,332
NA18592,CHB,EAS,332
NA18599,CHB,EAS,332
NA19024,LWK,AFR,332
NA19055,JPT,EAS,332
NA19058,JPT,EAS,332
NA19138,YRI,AFR,332
NA19319,LWK,AFR,332
NA19468,LWK,AFR,332
NA20518,TSI,EUR,332
NA20534,TSI,EUR,332
NA20542,TSI,EUR,332
NA20764,TSI,EUR,332
NA21110,GIH,SAS,332
HG00264,GBR,EUR,331
HG01275,CLM,AMR,331
HG01675,IBS,EUR,331
HG02009,ACB,AFR,331
HG02389,CDX,EAS,331
HG02787,PJL,SAS,331
HG02804,GWD,AFR,331
HG03058,MSL,AFR,331
HG03073,MSL,AFR,331
HG03385,MSL,AFR,331
HG03837,STU,SAS,331
HG04118,ITU,SAS,331
NA12272,CEU,EUR,331
NA18572,CHB,EAS,331
NA18631,CHB,EAS,331
NA19144,YRI,AFR,331
NA20274,ASW,AFR,331
NA20872,GIH,SAS,331
HG00187,FIN,EUR,330
HG00315,FIN,EUR,330
HG00463,CHS,EAS,330
HG00464,CHS,EAS,330
HG01312,PUR,AMR,330
HG01773,IBS,EUR,330
HG01851,KHV,EAS,330
HG01893,PEL,AMR,330
HG02010,ACB,AFR,330
HG02304,PEL,AMR,330
HG02497,ACB,AFR,330
HG02696,PJL,SAS,330
HG02974,ESN,AFR,330
HG03095,MSL,AFR,330
HG03382,MSL,AFR,330
HG03577,MSL,AFR,330
HG03727,ITU,SAS,330
HG03844,STU,SAS,330
HG03857,STU,SAS,330
NA18874,YRI,AFR,330
NA19005,JPT,EAS,330
NA19984,ASW,AFR,330
NA21123,GIH,SAS,330
HG00334,FIN,EUR,329
HG00358,FIN,EUR,329
HG00360,FIN,EUR,329
HG00632,CHS,EAS,329
HG01105,PUR,AMR,329
HG01488,CLM,AMR,329
HG01593,PJL,SAS,329
HG01843,KHV,EAS,329
HG02140,KHV,EAS,329
HG02143,ACB,AFR,329
HG02282,ACB,AFR,329
HG02307,ACB,AFR,329
HG02511,ACB,AFR,329
HG02545,ACB,AFR,329
HG02634,GWD,AFR,329
HG02684,PJL,SAS,329
HG03063,MSL,AFR,329
HG03127,ESN,AFR,329
HG03539,GWD,AFR,329
HG03595,BEB,SAS,329
HG03717,ITU,SAS,329
HG03862,ITU,SAS,329
NA12156,CEU,EUR,329
NA18559,CHB,EAS,329
NA18570,CHB,EAS,329
NA18615,CHB,EAS,329
NA18624,CHB,EAS,329
NA18947,JPT,EAS,329
NA18954,JPT,EAS,329
NA18982,JPT,EAS,329
NA19077,JPT,EAS,329
NA19197,YRI,AFR,329
NA19435,LWK,AFR,329
NA19454,LWK,AFR,329
NA19457,LWK,AFR,329
NA19471,LWK,AFR,329
NA20796,TSI,EUR,329
NA20797,TSI,EUR,329
HG00155,GBR,EUR,328
HG00273,FIN,EUR,328
HG00533,CHS,EAS,328
HG01280,CLM,AMR,328
HG01390,CLM,AMR,328
HG01988,ACB,AFR,328
HG02150,PEL,AMR,328
HG02232,IBS,EUR,328
HG02314,ACB,AFR,328
HG02521,KHV,EAS,328
HG02645,GWD,AFR,328
HG02667,GWD,AFR,328
HG03022,PJL,SAS,328
HG03046,GWD,AFR,328
HG03169,ESN,AFR,328
HG03517,ESN,AFR,328
HG03787,ITU,SAS,328
HG03989,STU,SAS,328
NA12777,CEU,EUR,328
NA18517,YRI,AFR,328
NA19096,YRI,AFR,328
NA19317,LWK,AFR,328
NA20126,ASW,AFR,328
NA20900,GIH,SAS,328
NA21113,GIH,SAS,328
NA21144,GIH,SAS,328
HG00181,FIN,EUR,327
HG01441,CLM,AMR,327
HG01494,CLM,AMR,327
HG01589,PJL,SAS,327
HG01623,IBS,EUR,327
HG01944,PEL,AMR,327
HG02108,ACB,AFR,327
HG02461,GWD,AFR,327
HG02558,ACB,AFR,327
HG02604,PJL,SAS,327
HG02635,GWD,AFR,327
HG02685,PJL,SAS,327
HG03007,BEB,SAS,327
HG03054,MSL,AFR,327
HG03084,MSL,AFR,327
HG03352,ESN,AFR,327
HG03518,ESN,AFR,327
HG03741,STU,SAS,327
HG04100,STU,SAS,327
NA07048,CEU,EUR,327
NA12778,CEU,EUR,327
NA18510,YRI,AFR,327
NA18593,CHB,EAS,327
NA18605,CHB,EAS,327
NA18909,YRI,AFR,327
NA19007,JPT,EAS,327
NA19098,YRI,AFR,327
NA20509,TSI,EUR,327
NA21086,GIH,SAS,327
HG00108,GBR,EUR,326
HG00260,GBR,EUR,326
HG00284,FIN,EUR,326
HG01070,PUR,AMR,326
HG01139,CLM,AMR,326
HG01360,CLM,AMR,326
HG01459,CLM,AMR,326
HG01815,CDX,EAS,326
HG02029,KHV,EAS,326
HG02058,KHV,EAS,326
HG02691,PJL,SAS,326
HG02769,GWD,AFR,326
HG03162,ESN,AFR,326
HG03594,BEB,SAS,326
HG03951,STU,SAS,326
NA18648,CHB,EAS,326
NA18980,JPT,EAS,326
NA19063,JPT,EAS,326
NA19324,LWK,AFR,326
NA19360,LWK,AFR,326
NA19818,ASW,AFR,326
NA20504,TSI,EUR,326
HG00107,GBR,EUR,325
HG00151,GBR,EUR,325
HG00446,CHS,EAS,325
HG01101,PUR,AMR,325
HG01785,IBS,EUR,325
HG01845,KHV,EAS,325
HG02253,PEL,AMR,325
HG02442,ACB,AFR,325
HG02763,GWD,AFR,325
HG03114,ESN,AFR,325
HG03225,MSL,AFR,325
HG03228,PJL,SAS,325
HG03369,ESN,AFR,325
HG03433,MSL,AFR,325
HG03731,ITU,SAS,325
HG03781,ITU,SAS,325
HG04023,ITU,SAS,325
HG04164,BEB,SAS,325
NA10847,CEU,EUR,325
NA10851,CEU,EUR,325
NA11894,CEU,EUR,325
NA12283,CEU,EUR,325
NA19019,LWK,AFR,325
NA19113,YRI,AFR,325
NA19146,YRI,AFR,325
NA19913,ASW,AFR,325
NA20278,ASW,AFR,325
NA20541,TSI,EUR,325
HG00263,GBR,EUR,324
HG01619,IBS,EUR,324
HG01874,KHV,EAS,324
HG01973,PEL,AMR,324
HG02053,ACB,AFR,324
HG02941,ESN,AFR,324
HG02968,ESN,AFR,324
HG03040,GWD,AFR,324
HG03189,ESN,AFR,324
HG03583,MSL,AFR,324
HG03692,STU,SAS,324
HG03762,PJL,SAS,324
HG03796,BEB,SAS,324
HG03861,ITU,SAS,324
HG03926,BEB,SAS,324
HG04056,ITU,SAS,324
HG04107,STU,SAS,324
NA12761,CEU,EUR,324
NA18498,YRI,AFR,324
NA18502,YRI,AFR,324
NA18520,YRI,AFR,324
NA18616,CHB,EAS,324
NA19175,YRI,AFR,324
NA19437,LWK,AFR,324
NA19678,MXL,AMR,324
NA19834,ASW,AFR,324
NA20320,ASW,AFR,324
NA20798,TSI,EUR,324
HG00268,FIN,EUR,323
HG00290,FIN,EUR,323
HG00368,FIN,EUR,323
HG00589,CHS,EAS,323
HG01176,PUR,AMR,323
HG01583,PJL,SAS,323
HG01596,KHV,EAS,323
HG01777,IBS,EUR,323
HG01799,CDX,EAS,323
HG01848,KHV,EAS,323
HG01867,KHV,EAS,323
HG01879,ACB,AFR,323
HG01889,ACB,AFR,323
HG02127,KHV,EAS,323
HG02154,CDX,EAS,323
HG02187,CDX,EAS,323
HG02373,CDX,EAS,323
HG02494,PJL,SAS,323
HG02582,GWD,AFR,323
HG02589,GWD,AFR,323
HG02855,GWD,AFR,323
HG02896,GWD,AFR,323
HG03015,PJL,SAS,323
HG03028,GWD,AFR,323
HG03166,ESN,AFR,323
HG03246,GWD,AFR,323
HG03301,ESN,AFR,323
HG03304,ESN,AFR,323
HG03354,ESN,AFR,323
HG03445,MSL,AFR,323
HG03615,BEB,SAS,323
HG03616,BEB,SAS,323
HG03634,PJL,SAS,323
HG03689,STU,SAS,323
NA18530,CHB,EAS,323
NA18591,CHB,EAS,323
NA19012,JPT,EAS,323
NA19038,LWK,AFR,323
NA19160,YRI,AFR,323
NA19225,YRI,AFR,323
NA19438,LWK,AFR,323
NA20587,TSI,EUR,323
NA20889,GIH,SAS,323
HG00131,GBR,EUR,322
HG00186,FIN,EUR,322
HG00313,FIN,EUR,322
HG00328,FIN,EUR,322
HG00406,CHS,EAS,322
HG01354,CLM,AMR,322
HG01678,IBS,EUR,322
HG02445,ACB,AFR,322
HG02613,GWD,AFR,322
HG02697,PJL,SAS,322
HG02733,PJL,SAS,322
HG02836,GWD,AFR,322
HG03048,GWD,AFR,322
HG03086,MSL,AFR,322
HG03124,ESN,AFR,322
HG04017,ITU,SAS,322
NA19023,LWK,AFR,322
NA19030,LWK,AFR,322
NA19057,JPT,EAS,322
NA19328,LWK,AFR,322
NA20821,TSI,EUR,322
NA20846,GIH,SAS,322
NA20892,GIH,SAS,322
HG00378,FIN,EUR,321
HG01685,IBS,EUR,321
HG01802,CDX,EAS,321
HG01880,ACB,AFR,321
HG01915,ACB,AFR,321
HG02085,KHV,EAS,321
HG02136,KHV,EAS,321
HG02386,CDX,EAS,321
HG02399,CDX,EAS,321
HG02555,ACB,AFR,321
HG02737,PJL,SAS,321
HG03172,ESN,AFR,321
HG03451,MSL,AFR,321
HG03817,BEB,SAS,321
HG03907,BEB,SAS,321
HG03945,STU,SAS,321
HG04063,ITU,SAS,321
HG04159,BEB,SAS,321
NA11832,CEU,EUR,321
NA18557,CHB,EAS,321
NA18868,YRI,AFR,321
NA18916,YRI,AFR,321
NA18943,JPT,EAS,321
NA19017,LWK,AFR,321
NA20281,ASW,AFR,321
NA20586,TSI,EUR,321
NA20809,TSI,EUR,321
NA20861,GIH,SAS,321
HG00115,GBR,EUR,320
HG00252,GBR,EUR,320
HG00361,FIN,EUR,320
HG00409,CHS,EAS,320
HG01131,CLM,AMR,320
HG01605,IBS,EUR,320
HG01844,KHV,EAS,320
HG01936,PEL,AMR,320
HG02008,PEL,AMR,320
HG02146,PEL,AMR,320
HG02702,GWD,AFR,320
HG02820,GWD,AFR,320
HG02979,ESN,AFR,320
HG03025,GWD,AFR,320
HG03123,ESN,AFR,320
HG03446,MSL,AFR,320
HG03600,BEB,SAS,320
NA12058,CEU,EUR,320
NA18537,CHB,EAS,320
NA18628,CHB,EAS,320
NA18747,CHB,EAS,320
NA18975,JPT,EAS,320
NA19054,JPT,EAS,320
NA19403,LWK,AFR,320
NA19917,ASW,AFR,320
NA20826,TSI,EUR,320
NA21093,GIH,SAS,320
HG00116,GBR,EUR,319
HG00154,GBR,EUR,319
HG00183,FIN,EUR,319
HG00185,FIN,EUR,319
HG00285,FIN,EUR,319
HG00583,CHS,EAS,319
HG00692,CHS,EAS,319
HG00705,CHS,EAS,319
HG00717,CHS,EAS,319
HG01405,PUR,AMR,319
HG01670,IBS,EUR,319
HG01797,CDX,EAS,319
HG01950,PEL,AMR,319
HG02130,KHV,EAS,319
HG02810,GWD,AFR,319
HG02982,GWD,AFR,319
HG03064,MSL,AFR,319
HG03109,ESN,AFR,319
HG03175,ESN,AFR,319
HG03473,MSL,AFR,319
HG03850,STU,SAS,319
HG03858,STU,SAS,319
HG04060,ITU,SAS,319
NA07000,CEU,EUR,319
NA18951,JPT,EAS,319
NA19059,JPT,EAS,319
NA19141,YRI,AFR,319
NA19399,LWK,AFR,319
NA20582,TSI,EUR,319
NA20772,TSI,EUR,319
NA20786,TSI,EUR,319
NA20792,TSI,EUR,319
NA20881,GIH,SAS,319
NA21107,GIH,SAS,319
HG00353,FIN,EUR,318
HG00656,CHS,EAS,318
HG02040,KHV,EAS,318
HG02128,KHV,EAS,318
HG02181,CDX,EAS,318
HG03461,MSL,AFR,318
HG03575,MSL,AFR,318
HG03646,STU,SAS,318
HG03698,STU,SAS,318
HG03770,ITU,SAS,318
HG03821,BEB,SAS,318
HG03838,STU,SAS,318
HG03973,ITU,SAS,318
HG04176,BEB,SAS,318
NA11881,CEU,EUR,318
NA18621,CHB,EAS,318
NA19072,JPT,EAS,318
NA19081,JPT,EAS,318
NA20506,TSI,EUR,318
NA21087,GIH,SAS,318
NA21103,GIH,SAS,318
HG00581,CHS,EAS,317
HG01133,CLM,AMR,317
HG01855,KHV,EAS,317
HG02078,KHV,EAS,317
HG02355,CDX,EAS,317
HG02620,GWD,AFR,317
HG02778,PJL,SAS,317
HG02816,GWD,AFR,317
HG02854,GWD,AFR,317
HG03100,ESN,AFR,317
HG03139,ESN,AFR,317
HG03195,ESN,AFR,317
HG03442,MSL,AFR,317
HG03460,MSL,AFR,317
HG03667,PJL,SAS,317
HG03750,STU,SAS,317
HG03812,BEB,SAS,317
HG03910,BEB,SAS,317
HG04153,BEB,SAS,317
HG04177,BEB,SAS,317
HG04219,ITU,SAS,317
NA12287,CEU,EUR,317
NA18745,CHB,EAS,317
NA18917,YRI,AFR,317
NA19108,YRI,AFR,317
NA19347,LWK,AFR,317
NA20296,ASW,AFR,317
NA20519,TSI,EUR,317
NA20813,TSI,EUR,317
NA20888,GIH,SAS,317
NA21106,GIH,SAS,317
HG00350,FIN,EUR,316
HG00367,FIN,EUR,316
HG00384,FIN,EUR,316
HG01257,CLM,AMR,316
HG01624,IBS,EUR,316
HG01896,ACB,AFR,316
HG01933,PEL,AMR,316
HG02142,KHV,EAS,316
HG02220,IBS,EUR,316
HG02922,ESN,AFR,316
HG03479,MSL,AFR,316
HG03563,MSL,AFR,316
HG03572,MSL,AFR,316
HG03636,PJL,SAS,316
HG03690,STU,SAS,316
HG03740,STU,SAS,316
HG03863,ITU,SAS,316
HG04015,ITU,SAS,316
HG04186,BEB,SAS,316
NA12046,CEU,EUR,316
NA18858,YRI,AFR,316
NA18986,JPT,EAS,316
NA19064,JPT,EAS,316
NA19334,LWK,AFR,316
NA19401,LWK,AFR,316
NA20758,TSI,EUR,316
NA20790,TSI,EUR,316
NA20828,TSI,EUR,316
HG00101,GBR,EUR,315
HG00232,GBR,EUR,315
HG00255,GBR,EUR,315
HG00339,FIN,EUR,315
HG00560,CHS,EAS,315
HG01167,PUR,AMR,315
HG01528,IBS,EUR,315
HG01840,KHV,EAS,315
HG02624,GWD,AFR,315
HG02798,GWD,AFR,315
HG04019,ITU,SAS,315
NA12348,CEU,EUR,315
NA12760,CEU,EUR,315
NA18547,CHB,EAS,315
NA18620,CHB,EAS,315
NA18627,CHB,EAS,315
NA19189,YRI,AFR,315
NA19700,ASW,AFR,315
NA19722,MXL,AMR,315
NA21108,GIH,SAS,315
HG00110,GBR,EUR,314
HG00565,CHS,EAS,314
HG00728,CHS,EAS,314
HG01302,PUR,AMR,314
HG01325,PUR,AMR,314
HG01746,IBS,EUR,314
HG01805,CDX,EAS,314
HG01817,CDX,EAS,314
HG01924,PEL,AMR,314
HG02236,IBS,EUR,314
HG02374,CDX,EAS,314
HG02427,ACB,AFR,314
HG02484,ACB,AFR,314
HG03660,PJL,SAS,314
HG03772,ITU,SAS,314
HG03785,ITU,SAS,314
HG03864,ITU,SAS,314
NA18548,CHB,EAS,314
NA18630,CHB,EAS,314
NA18633,CHB,EAS,314
NA18748,CHB,EAS,314
NA18864,YRI,AFR,314
NA18910,YRI,AFR,314
NA18968,JPT,EAS,314
NA20531,TSI,EUR,314
NA21116,GIH,SAS,314
HG00684,CHS,EAS,313
HG01092,PUR,AMR,313
HG01565,PEL,AMR,313
HG01578,PEL,AMR,313
HG01610,IBS,EUR,313
HG01612,IBS,EUR,313
HG01630,IBS,EUR,313
HG02621,GWD,AFR,313
HG02682,PJL,SAS,313
HG03129,ESN,AFR,313
HG03163,ESN,AFR,313
HG03644,STU,SAS,313
HG03718,ITU,SAS,313
HG03986,STU,SAS,313
NA11992,CEU,EUR,313
NA12003,CEU,EUR,313
NA18488,YRI,AFR,313
NA18489,YRI,AFR,313
NA18987,JPT,EAS,313
NA19041,LWK,AFR,313
NA19431,LWK,AFR,313
NA19651,MXL,AMR,313
NA20294,ASW,AFR,313
NA20808,TSI,EUR,313
NA20812,TSI,EUR,313
HG00137,GBR,EUR,312
HG00149,GBR,EUR,312
HG00330,FIN,EUR,312
HG00614,CHS,EAS,312
HG00622,CHS,EAS,312
HG00672,CHS,EAS,312
HG01345,CLM,AMR,312
HG01510,IBS,EUR,312
HG01686,IBS,EUR,312
HG01707,IBS,EUR,312
HG01976,PEL,AMR,312
HG01985,ACB,AFR,312
HG02088,KHV,EAS,312
HG02256,ACB,AFR,312
HG02577,ACB,AFR,312
HG02715,GWD,AFR,312
HG03060,MSL,AFR,312
HG03115,ESN,AFR,312
HG03388,MSL,AFR,312
HG03755,STU,SAS,312
HG03974,ITU,SAS,312
HG04075,STU,SAS,312
NA12045,CEU,EUR,312
NA18499,YRI,AFR,312
NA18553,CHB,EAS,312
NA18870,YRI,AFR,312
NA18977,JPT,EAS,312
NA18984,JPT,EAS,312
NA19066,JPT,EAS,312
NA19190,YRI,AFR,312
NA19377,LWK,AFR,312
NA19439,LWK,AFR,312
NA20819,TSI,EUR,312
NA20853,GIH,SAS,312
HG00281,FIN,EUR,311
HG00351,FIN,EUR,311
HG00689,CHS,EAS,311
HG01055,PUR,AMR,311
HG01095,PUR,AMR,311
HG01251,CLM,AMR,311
HG01269,CLM,AMR,311
HG01791,GBR,EUR,311
HG02002,PEL,AMR,311
HG02586,GWD,AFR,311
HG02688,PJL,SAS,311
HG02756,GWD,AFR,311
HG02891,GWD,AFR,311
HG03027,GWD,AFR,311
HG03814,BEB,SAS,311
HG03900,STU,SAS,311
HG04022,ITU,SAS,311
HG04180,BEB,SAS,311
NA12828,CEU,EUR,311
NA18643,CHB,EAS,311
NA18959,JPT,EAS,311
NA19084,JPT,EAS,311
NA19463,LWK,AFR,311
NA21097,GIH,SAS,311
NA21112,GIH,SAS,311
NA21135,GIH,SAS,311
HG00524,CHS,EAS,310
HG00543,CHS,EAS,310
HG02069,KHV,EAS,310
HG02079,KHV,EAS,310
HG02397,CDX,EAS,310
HG02574,GWD,AFR,310
HG02977,ESN,AFR,310
HG03130,ESN,AFR,310
HG03589,BEB,SAS,310
HG03765,PJL,SAS,310
HG03780,ITU,SAS,310
HG03802,BEB,SAS,310
HG03829,BEB,SAS,310
HG04225,ITU,SAS,310
NA12043,CEU,EUR,310
NA18950,JPT,EAS,310
NA18953,JPT,EAS,310
NA18989,JPT,EAS,310
NA19086,JPT,EAS,310
NA19256,YRI,AFR,310
NA19657,MXL,AMR,310
NA20503,TSI,EUR,310
NA20766,TSI,EUR,310
NA20850,GIH,SAS,310
NA21104,GIH,SAS,310
HG00125,GBR,EUR,309
HG00127,GBR,EUR,309
HG00345,FIN,EUR,309
HG00373,FIN,EUR,309
HG01497,CLM,AMR,309
HG01862,KHV,EAS,309
HG01948,PEL,AMR,309
HG02490,PJL,SAS,309
HG02505,ACB,AFR,309
HG02570,GWD,AFR,309
HG02760,GWD,AFR,309
HG03079,MSL,AFR,309
HG03558,MSL,AFR,309
HG03709,PJL,SAS,309
HG03884,STU,SAS,309
HG04006,STU,SAS,309
NA11930,CEU,EUR,309
NA12340,CEU,EUR,309
NA18523,YRI,AFR,309
NA18610,CHB,EAS,309
NA19060,JPT,EAS,309
NA19102,YRI,AFR,309
NA19172,YRI,AFR,309
NA19350,LWK,AFR,309
NA19707,ASW,AFR,309
NA20810,TSI,EUR,309
NA20822,TSI,EUR,309
NA20864,GIH,SAS,309
NA20904,GIH,SAS,309
NA21089,GIH,SAS,309
NA21114,GIH,SAS,309
HG00336,FIN,EUR,308
HG00436,CHS,EAS,308
HG00536,CHS,EAS,308
HG00590,CHS,EAS,308
HG00640,PUR,AMR,308
HG00662,CHS,EAS,308
HG00693,CHS,EAS,308
HG01162,PUR,AMR,308
HG01253,CLM,AMR,308
HG01462,CLM,AMR,308
HG01699,IBS,EUR,308
HG02089,PEL,AMR,308
HG02102,PEL,AMR,308
HG02278,PEL,AMR,308
HG02298,PEL,AMR,308
HG03229,PJL,SAS,308
HG04171,BEB,SAS,308
NA11843,CEU,EUR,308
NA18505,YRI,AFR,308
NA18614,CHB,EAS,308
NA19067,JPT,EAS,308
NA19214,YRI,AFR,308
NA20773,TSI,EUR,308
NA21119,GIH,SAS,308
HG00099,GBR,EUR,307
HG00132,GBR,EUR,307
HG00140,GBR,EUR,307
HG00383,FIN,EUR,307
HG00531,CHS,EAS,307
HG00566,CHS,EAS,307
HG01513,IBS,EUR,307
HG01813,CDX,EAS,307
HG01961,PEL,AMR,307
HG02180,CDX,EAS,307
HG02481,ACB,AFR,307
HG02837,GWD,AFR,307
HG03238,PJL,SAS,307
HG03268,ESN,AFR,307
HG03490,PJL,SAS,307
HG03607,BEB,SAS,307
HG03730,ITU,SAS,307
NA11995,CEU,EUR,307
NA18519,YRI,AFR,307
NA18528,CHB,EAS,307
NA18538,CHB,EAS,307
NA18567,CHB,EAS,307
NA19147,YRI,AFR,307
NA19473,LWK,AFR,307
NA20783,TSI,EUR,307
NA21102,GIH,SAS,307
HG00139,GBR,EUR,306
HG00145,GBR,EUR,306
HG00157,GBR,EUR,306
HG00239,GBR,EUR,306
HG00342,FIN,EUR,306
HG01110,PUR,AMR,306
HG01849,KHV,EAS,306
HG01883,ACB,AFR,306
HG01923,PEL,AMR,306
HG02153,CDX,EAS,306
HG02182,CDX,EAS,306
HG02690,PJL,SAS,306
HG03686,STU,SAS,306
HG03752,STU,SAS,306
HG03778,ITU,SAS,306
HG03803,BEB,SAS,306
HG03854,STU,SAS,306
NA18641,CHB,EAS,306
NA19315,LWK,AFR,306
NA19900,ASW,AFR,306
NA19904,ASW,AFR,306
NA20876,GIH,SAS,306
HG00329,FIN,EUR,305
HG00335,FIN,EUR,305
HG00362,FIN,EUR,305
HG00381,FIN,EUR,305
HG00736,PUR,AMR,305
HG01766,IBS,EUR,305
HG01914,ACB,AFR,305
HG01953,PEL,AMR,305
HG02402,CDX,EAS,305
HG03055,MSL,AFR,305
HG03157,ESN,AFR,305
HG03711,STU,SAS,305
HG03743,STU,SAS,305
HG03779,ITU,SAS,305
HG03782,ITU,SAS,305
HG04020,ITU,SAS,305
HG04033,STU,SAS,305
NA12489,CEU,EUR,305
NA18546,CHB,EAS,305
NA18602,CHB,EAS,305
NA19026,LWK,AFR,305
NA19376,LWK,AFR,305
NA19391,LWK,AFR,305
NA20874,GIH,SAS,305
NA21111,GIH,SAS,305
HG00130,GBR,EUR,304
HG00159,GBR,EUR,304
HG00323,FIN,EUR,304
HG00327,FIN,EUR,304
HG01781,IBS,EUR,304
HG01864,KHV,EAS,304
HG01965,PEL,AMR,304
HG02014,ACB,AFR,304
HG02028,KHV,EAS,304
HG02571,GWD,AFR,304
HG02817,GWD,AFR,304
HG02888,GWD,AFR,304
HG03078,MSL,AFR,304
HG03190,ESN,AFR,304
HG03679,STU,SAS,304
HG03753,STU,SAS,304
HG03790,ITU,SAS,304
HG03805,BEB,SAS,304
NA18639,CHB,EAS,304
NA19236,YRI,AFR,304
NA19308,LWK,AFR,304
NA20775,TSI,EUR,304
NA20890,GIH,SAS,304
HG00476,CHS,EAS,303
HG00584,CHS,EAS,303
HG00674,CHS,EAS,303
HG01474,CLM,AMR,303
HG01628,IBS,EUR,303
HG01747,IBS,EUR,303
HG02429,ACB,AFR,303
HG02768,GWD,AFR,303
HG02813,GWD,AFR,303
HG03209,MSL,AFR,303
HG03624,PJL,SAS,303
HG04106,STU,SAS,303
NA18533,CHB,EAS,303
NA19200,YRI,AFR,303
NA19383,LWK,AFR,303
NA19723,MXL,AMR,303
HG00109,GBR,EUR,302
HG00142,GBR,EUR,302
HG00242,GBR,EUR,302
HG00331,FIN,EUR,302
HG00338,FIN,EUR,302
HG01049,PUR,AMR,302
HG01786,IBS,EUR,302
HG02771,GWD,AFR,302
HG03021,PJL,SAS,302
HG04018,ITU,SAS,302
HG04093,ITU,SAS,302
NA18561,CHB,EAS,302
NA18565,CHB,EAS,302
NA19209,YRI,AFR,302
NA19318,LWK,AFR,302
NA19747,MXL,AMR,302
NA20770,TSI,EUR,302
NA21133,GIH,SAS,302
HG00097,GBR,EUR,301
HG00525,CHS,EAS,301
HG00653,CHS,EAS,301
HG00956,CDX,EAS,301
HG01344,CLM,AMR,301
HG01941,PEL,AMR,301
HG02104,PEL,AMR,301
HG02757,GWD,AFR,301
HG02774,PJL,SAS,301
HG02811,GWD,AFR,301
HG03112,ESN,AFR,301
HG03744,STU,SAS,301
HG03808,BEB,SAS,301
HG03895,STU,SAS,301
HG04039,STU,SAS,301
NA12872,CEU,EUR,301
NA19372,LWK,AFR,301
NA21128,GIH,SAS,301
HG00310,FIN,EUR,300
HG00326,FIN,EUR,300
HG00356,FIN,EUR,300
HG00369,FIN,EUR,300
HG01254,CLM,AMR,300
HG01501,IBS,EUR,300
HG02144,ACB,AFR,300
HG02164,CDX,EAS,300
HG02185,CDX,EAS,300
HG02334,ACB,AFR,300
HG02727,PJL,SAS,300
HG03916,BEB,SAS,300
HG03978,ITU,SAS,300
NA19351,LWK,AFR,300
HG01378,CLM,AMR,299
HG01444,CLM,AMR,299
HG01566,PEL,AMR,299
HG01816,CDX,EAS,299
HG02087,KHV,EAS,299
HG03136,ESN,AFR,299
HG03401,MSL,AFR,299
HG03419,MSL,AFR,299
HG03713,ITU,SAS,299
HG03773,ITU,SAS,299
HG03867,ITU,SAS,299
HG03995,STU,SAS,299
HG04152,BEB,SAS,299
NA12154,CEU,EUR,299
NA18535,CHB,EAS,299
NA18608,CHB,EAS,299
NA19043,LWK,AFR,299
NA20362,ASW,AFR,299
NA20517,TSI,EUR,299
NA20771,TSI,EUR,299
NA21109,GIH,SAS,299
NA21125,GIH,SAS,299
HG00096,GBR,EUR,298
HG01124,CLM,AMR,298
HG01256,CLM,AMR,298
HG01393,PUR,AMR,298
HG01890,ACB,AFR,298
HG02312,PEL,AMR,298
HG02410,CDX,EAS,298
HG02537,ACB,AFR,298
HG02573,GWD,AFR,298
HG02890,GWD,AFR,298
HG03088,MSL,AFR,298
HG03611,BEB,SAS,298
HG04062,ITU,SAS,298
NA18619,CHB,EAS,298
NA18647,CHB,EAS,298
NA19025,LWK,AFR,298
NA19914,ASW,AFR,298
NA20340,ASW,AFR,298
NA20894,GIH,SAS,298
NA20903,GIH,SAS,298
NA21098,GIH,SAS,298
HG00136,GBR,EUR,297
HG00344,FIN,EUR,297
HG00743,PUR,AMR,297
HG00879,CDX,EAS,297
HG01108,PUR,AMR,297
HG01800,CDX,EAS,297
HG02086,KHV,EAS,297
HG02291,PEL,AMR,297
HG02678,GWD,AFR,297
HG03625,PJL,SAS,297
HG03856,STU,SAS,297
NA18595,CHB,EAS,297
HG00346,FIN,EUR,296
HG01606,IBS,EUR,296
HG02113,KHV,EAS,296
HG02299,PEL,AMR,296
HG02379,CDX,EAS,296
HG03950,STU,SAS,296
HG00265,GBR,EUR,295
HG01525,IBS,EUR,295
HG02224,IBS,EUR,295
HG02450,ACB,AFR,295
HG02595,GWD,AFR,295
NA19390,LWK,AFR,295
HG00256,GBR,EUR,294
HG00982,CDX,EAS,294
HG01700,IBS,EUR,294
HG02882,GWD,AFR,294
HG03788,ITU,SAS,294
HG03937,BEB,SAS,294
HG04238,ITU,SAS,294
NA19430,LWK,AFR,294
HG00237,GBR,EUR,293
HG00651,CHS,EAS,293
HG01598,KHV,EAS,293
HG02783,PJL,SAS,293
NA12815,CEU,EUR,293
NA19080,JPT,EAS,293
HG00407,CHS,EAS,292
HG01695,IBS,EUR,292
HG02054,ACB,AFR,292
HG02186,CDX,EAS,292
HG02408,CDX,EAS,292
HG02561,GWD,AFR,292
HG03934,BEB,SAS,292
NA12044,CEU,EUR,292
HG00475,CHS,EAS,291
HG01680,IBS,EUR,291
HG03793,BEB,SAS,291
HG03999,STU,SAS,291
HG02601,PJL,SAS,290
HG03488,PJL,SAS,290
NA18969,JPT,EAS,290
NA19375,LWK,AFR,290
HG00251,GBR,EUR,288
HG03103,ESN,AFR,288
NA19434,LWK,AFR,288
HG00272,FIN,EUR,287
HG00598,CHS,EAS,287
HG03556,MSL,AFR,287
HG03629,PJL,SAS,286
NA19314,LWK,AFR,286
HG00319,FIN,EUR,285
HG00349,FIN,EUR,285
HG00729,CHS,EAS,285
HG01945,PEL,AMR,285
HG02277,PEL,AMR,284
HG03870,ITU,SAS,284
NA06989,CEU,EUR,284
HG00443,CHS,EAS,282
HG02151,CDX,EAS,282
HG01054,PUR,AMR,281
HG01967,PEL,AMR,280
HG01971,PEL,AMR,277
HG01377,CLM,AMR,274
HG01577,PEL,AMR,270
HG03703,PJL,SAS,270
HG01977,PEL,AMR,269
HG01947,PEL,AMR,267
HG01796,CDX,EAS,538
HG02522,KHV,EAS,357
HG03300,ESN,AFR,268
NA12400,CEU,EUR,327
NA18622,CHB,EAS,271
NA18642,CHB,EAS,301
