Super Population,Population,Individual,Haplotype,Repeat Length
AFR,ACB,HG01891,HG01891.mat.fa,8178
AFR,ACB,HG01891,HG01891.pat.fa,8692
AFR,ACB,HG02011,HG02011_clr_h1.fa,8178
AFR,ACB,HG02011,HG02011_clr_h2.fa,8632
AFR,ACB,HG02055,HG02055.mat.fa,8692
AFR,ACB,HG02055,HG02055.pat.fa,10008
AFR,ACB,HG02145,HG02145.mat.fa,10336
AFR,ACB,HG02145,HG02145.pat.fa,8692
AFR,ACB,HG02257,HG02257.mat.fa,10336
AFR,ACB,HG02257,HG02257.pat.fa,8632
AFR,ACB,HG02486,HG02486.mat.fa,8692
AFR,ACB,HG02486,HG02486.pat.fa,8178
AFR,ACB,HG02559,HG02559.mat.fa,8178
AFR,ACB,HG02559,HG02559.pat.fa,8632
AFR,GWD,HG02572,HG02572.mat.fa,10336
AFR,GWD,HG02572,HG02572.pat.fa,8692
AFR,GWD,HG02587,HG02587_clr_h1.fa,8632
AFR,GWD,HG02587,HG02587_clr_h2.fa,10008
AFR,GWD,HG02622,HG02622.mat.fa,8692
AFR,GWD,HG02622,HG02622.pat.fa,8178
AFR,GWD,HG02630,HG02630.mat.fa,8692
AFR,GWD,HG02630,HG02630.pat.fa,10336
AFR,GWD,HG02717,HG02717.mat.fa,9956
AFR,GWD,HG02717,HG02717.pat.fa,8632
AFR,GWD,HG02723,HG02723.mat.fa,10706
AFR,GWD,HG02723,HG02723.pat.fa,10706
AFR,GWD,HG02818,HG02818.mat.fa,8662
AFR,GWD,HG02818,HG02818.pat.fa,8178
AFR,GWD,HG02886,HG02886.mat.fa,12053
AFR,GWD,HG02886,HG02886.pat.fa,8632
AFR,MSL,HG03065,HG03065_clr_h1.fa,8692
AFR,MSL,HG03065,HG03065_clr_h2.fa,8692
AFR,MSL,HG03098,HG03098.mat.fa,8178
AFR,MSL,HG03098,HG03098.pat.fa,10008
AFR,ESN,HG03125,HG03125_ccs_h1.fa,8662
AFR,ESN,HG03125,HG03125_ccs_h2.fa,8692
AFR,ESN,HG03371,HG03371_clr_h1.fa,8632
AFR,ESN,HG03371,HG03371_clr_h2.fa,12053
AFR,MSL,HG03453,HG03453.mat.fa,9978
AFR,MSL,HG03453,HG03453.pat.fa,8692
AFR,MSL,HG03486,HG03486.mat.fa,8632
AFR,MSL,HG03486,HG03486.pat.fa,17084
AFR,ESN,HG03516,HG03516.mat.fa,10008
AFR,ESN,HG03516,HG03516.pat.fa,8692
AFR,GWD,HG03540,HG03540.mat.fa,8721
AFR,GWD,HG03540,HG03540.pat.fa,8632
AFR,MSL,HG03579,HG03579.mat.fa,8632
AFR,MSL,HG03579,HG03579.pat.fa,8632
AFR,YRI,NA18906,NA18906.mat.fa,12053
AFR,YRI,NA18906,NA18906.pat.fa,8178
AFR,YRI,NA19238,NA19238_ccs_h1.fa,10008
AFR,YRI,NA19238,NA19238_ccs_h2.fa,10008
AFR,YRI,NA19239,NA19239_ccs_h1.fa,12053
AFR,YRI,NA19239,NA19239_ccs_h2.fa,8178
AFR,YRI,NA19240,NA19240.mat.fa,10008
AFR,YRI,NA19240,NA19240.pat.fa,8178
AFR,ASW,NA19983,NA19983_clr_h1.fa,8178
AFR,ASW,NA19983,NA19983_clr_h2.fa,10336
AFR,Maasai,NA21309,NA21309.mat.fa,8178
AFR,Maasai,NA21309,NA21309.pat.fa,10008
AMR,PUR,HG00731,HG00731_ccs_h1.fa,12053
AMR,PUR,HG00731,HG00731_ccs_h2.fa,12053
AMR,PUR,HG00732,HG00732_ccs_h1.fa,12053
AMR,PUR,HG00732,HG00732_ccs_h2.fa,10008
AMR,PUR,HG00733,HG00733_ccs_h1.fa,12053
AMR,PUR,HG00733,HG00733_ccs_h2.fa,10008
AMR,PUR,HG00735,HG00735.mat.fa,22692
AMR,PUR,HG00735,HG00735.pat.fa,22692
AMR,PUR,HG00741,HG00741.mat.fa,11543
AMR,PUR,HG00741,HG00741.pat.fa,10008
AMR,PUR,HG01071,HG01071.mat.fa,8662
AMR,PUR,HG01071,HG01071.pat.fa,22692
AMR,PUR,HG01106,HG01106.mat.fa,8662
AMR,PUR,HG01106,HG01106.pat.fa,10008
AMR,PUR,HG01109,HG01109.mat.fa,8178
AMR,PUR,HG01109,HG01109.pat.fa,19812
AMR,CLM,HG01114,HG01114_clr_h1.fa,8178
AMR,CLM,HG01114,HG01114_clr_h2.fa,10008
AMR,CLM,HG01123,HG01123.mat.fa,8692
AMR,CLM,HG01123,HG01123.pat.fa,8178
AMR,PUR,HG01175,HG01175.mat.fa,12053
AMR,PUR,HG01175,HG01175.pat.fa,8178
AMR,PUR,HG01243,HG01243.mat.fa,8662
AMR,PUR,HG01243,HG01243.pat.fa,8178
AMR,CLM,HG01258,HG01258.mat.fa,8178
AMR,CLM,HG01258,HG01258.pat.fa,8662
AMR,CLM,HG01358,HG01358.mat.fa,8178
AMR,CLM,HG01358,HG01358.pat.fa,8692
AMR,CLM,HG01361,HG01361.mat.fa,8662
AMR,CLM,HG01361,HG01361.pat.fa,10008
AMR,PEL,HG01928,HG01928.mat.fa,22692
AMR,PEL,HG01928,HG01928.pat.fa,22692
AMR,PEL,HG01952,HG01952.mat.fa,22692
AMR,PEL,HG01952,HG01952.pat.fa,10008
AMR,PEL,HG01978,HG01978.mat.fa,9561
AMR,PEL,HG01978,HG01978.pat.fa,10038
AMR,PEL,HG02148,HG02148.mat.fa,22692
AMR,PEL,HG02148,HG02148.pat.fa,8692
AMR,MXL,NA19650,NA19650_clr_h1.fa,8178
AMR,MXL,NA19650,NA19650_clr_h2.fa,8178
EAS,CHS,HG00438,HG00438.mat.fa,12053
EAS,CHS,HG00438,HG00438.pat.fa,8692
EAS,Chinese,HG005,HG005.mat.fa,8692
EAS,Chinese,HG005,HG005.pat.fa,8692
EAS,CHS,HG00512,HG00512_ccs_h1.fa,8692
EAS,CHS,HG00512,HG00512_ccs_h2.fa,10008
EAS,CHS,HG00513,HG00513_ccs_h1.fa,8692
EAS,CHS,HG00513,HG00513_ccs_h2.fa,10008
EAS,CHS,HG00514,HG00514_ccs_h1.fa,8692
EAS,CHS,HG00514,HG00514_ccs_h2.fa,10008
EAS,CHS,HG00621,HG00621.mat.fa,8178
EAS,CHS,HG00621,HG00621.pat.fa,16350
EAS,CHS,HG00673,HG00673.mat.fa,8178
EAS,CHS,HG00673,HG00673.pat.fa,10008
EAS,CDX,HG00864,HG00864_clr_h1.fa,8208
EAS,CDX,HG00864,HG00864_clr_h2.fa,16350
EAS,KHV,HG01596,HG01596_clr_h1.fa,8692
EAS,KHV,HG01596,HG01596_clr_h2.fa,8692
EAS,KHV,HG02080,HG02080.mat.fa,8692
EAS,KHV,HG02080,HG02080.pat.fa,8662
EAS,CHB,NA18534,NA18534_clr_h1.fa,8692
EAS,CHB,NA18534,NA18534_clr_h2.fa,8692
EAS,JPT,NA18939,NA18939_clr_h1.fa,10008
EAS,JPT,NA18939,NA18939_clr_h2.fa,10008
EUR,GBR,HG00096,HG00096_clr_h1.fa,8178
EUR,GBR,HG00096,HG00096_clr_h2.fa,8178
EUR,FIN,HG00171,HG00171_clr_h1.fa,10008
EUR,FIN,HG00171,HG00171_clr_h2.fa,8178
EUR,IBS,HG01505,HG01505_clr_h1.fa,9119
EUR,IBS,HG01505,HG01505_clr_h2.fa,10008
EUR,CEU,NA12329,NA12329_clr_h1.fa,8662
EUR,CEU,NA12329,NA12329_clr_h2.fa,8178
EUR,CEU,NA12878,NA12878_ccs_h1.fa,8662
EUR,CEU,NA12878,NA12878_ccs_h2.fa,10008
EUR,TSI,NA20509,NA20509_clr_h1.fa,9119
EUR,TSI,NA20509,NA20509_clr_h2.fa,8662
EUR,Ashkenazi,NA24385,NA24385_ccs_h1.fa,10008
EUR,Ashkenazi,NA24385,NA24385_ccs_h2.fa,10008
SAS,PJL,HG02492,HG02492_clr_h1.fa,8662
SAS,PJL,HG02492,HG02492_clr_h2.fa,8178
SAS,BEB,HG03009,HG03009_clr_h1.fa,10008
SAS,BEB,HG03009,HG03009_clr_h2.fa,8178
SAS,STU,HG03683,HG03683_clr_h1.fa,9956
SAS,STU,HG03683,HG03683_clr_h2.fa,8178
SAS,ITU,HG03732,HG03732_clr_h1.fa,8692
SAS,ITU,HG03732,HG03732_clr_h2.fa,8178
SAS,GIH,NA20847,NA20847_clr_h1.fa,8178
SAS,GIH,NA20847,NA20847_clr_h2.fa,14987
